nama,kelamin
Ananda Lestari,P
Arif Kusuma,L
Dimas Wibowo,L
aditya Nugraha,L
Rizky Prasetyo,L
Budi Utomo,L
Adrian Wijaya,L
Ariana Lestari,P
fajar Gunawan,L
Alya Ramadhani,P
Fitri Susanti,P
faisal Akbar,L
Bambang Pamungkas,L
Candra Wijaya,L
Dedi Setiawan,L
Eko Prasetyo,L
Fahmi Idris,L
Gilang Dirga,L
Hendra Wijaya,L
Indra Lesmana,L
Joko Susilo,L
Kurniawan Dwi,L
Lukman Hakim,L
mahendra Putra,L
Nugroho Adhi,L
Oki Setiawan,L
Putra Perkasa,L
Qoirul Anam,L
Rian Hidayat,L
Surya Kencana,L
Taufik Hidayat,L
Utomo Putro,L
viko Pratama,L
Wahyu Hidayat,L
Yanto Basna,L
Zainal Abidin,L
Amalia Putri,P
Bella Citra,P
Citra Lestari,P
Dewi Sartika,P
Elena Putri,P
Farah diba,P
Gita Gutawa,P
Hani Nuraini,P